Id,sustain_app__SustainabilityAsset__c,sustain_app__SustainabilityContact__c,Name,sustain_app__Order__c,sustain_app__SustainabilityAsset__r.Name,sustain_app__SustainabilityContact__r.Name
a001g00000CThCGAA1,a011g00000DumWgAAJ,a091g00000VKTY1AAP,AC-0000,,Gulf Stream G550 N133PX,Bobby Bonilla
a001g00000CThCHAA1,a011g00000DumWfAAJ,a091g00000VKTY1AAP,AC-0001,,Gulf Stream G650ER N498AW,Bobby Bonilla
a001g00000CThCIAA1,a011g00000DumWaAAJ,a091g00000VKTY1AAP,AC-0002,,RDC-Cedar Data Center,Bobby Bonilla
a001g00000CThCJAA1,a011g00000DumWbAAJ,a091g00000VKTY1AAP,AC-0003,,RDC-Narita Data Center,Bobby Bonilla
a001g00000CThCKAA1,a011g00000DumWUAAZ,a091g00000VKTY1AAP,AC-0004,,Salesforce Tower,Bobby Bonilla
a001g00000CThCLAA1,a011g00000DumWZAAZ,a091g00000VKTY1AAP,AC-0005,,WMDV Square North,Bobby Bonilla
a001g00000CThCMAA1,a011g00000DumWjAAJ,a091g00000VKTY3AAP,AC-0006,,Business Travel FY19 - EMEA,JR Marseli
a001g00000CThCNAA1,a011g00000DumWkAAJ,a091g00000VKTY3AAP,AC-0007,,Business Travel FY20 - AMER,JR Marseli
a001g00000CThCOAA1,a011g00000DumWlAAJ,a091g00000VKTY3AAP,AC-0008,,Business Travel FY21 - LATAM,JR Marseli
a001g00000CThCPAA1,a011g00000DumWmAAJ,a091g00000VKTY3AAP,AC-0009,,Business Travel FY19 - Africa,JR Marseli
a001g00000CThCQAA1,a011g00000DumWnAAJ,a091g00000VKTY3AAP,AC-0010,,Business Travel FY20 - ANZ,JR Marseli
a001g00000CThCRAA1,a011g00000DumWoAAJ,a091g00000VKTY3AAP,AC-0011,,Business Travel FY21 - ME,JR Marseli
a001g00000CThCSAA1,a011g00000DumWpAAJ,a091g00000VKTY3AAP,AC-0012,,Business Travel FY19 - APAC,JR Marseli
a001g00000CThCTAA1,a011g00000DumWqAAJ,a091g00000VKTY3AAP,AC-0013,,Business Travel FY20 - SA,JR Marseli
a001g00000CThCUAA1,a011g00000DumWrAAJ,a091g00000VKTY3AAP,AC-0014,,Business Travel FY21 - AMER,JR Marseli
a001g00000CThCVAA1,a011g00000DumWdAAJ,a091g00000VKTY2AAP,AC-0015,,140 Mission St,Sonali Agarwhal
a001g00000CThCWAA1,a011g00000DumWVAAZ,a091g00000VKTY2AAP,AC-0016,,499 Centennial Pkwy,Sonali Agarwhal
a001g00000CThCXAA1,a011g00000DumWWAAZ,a091g00000VKTY2AAP,AC-0017,,940 14th St #290,Sonali Agarwhal
a001g00000CThCYAA1,a011g00000DumWiAAJ,a091g00000VKTY2AAP,AC-0018,,ANZ Company Cars,Sonali Agarwhal
a001g00000CThCZAA1,a011g00000DumWeAAJ,a091g00000VKTY2AAP,AC-0019,,Company Shuttle #2,Sonali Agarwhal
a001g00000CThCaAAL,a011g00000DumWhAAJ,a091g00000VKTY2AAP,AC-0020,,Company Shuttle #4,Sonali Agarwhal
a001g00000CThCbAAL,a011g00000DumWYAAZ,a091g00000VKTY2AAP,AC-0021,,Longs Tower East,Sonali Agarwhal
a001g00000CThCcAAL,a011g00000DumWcAAJ,a091g00000VKTY2AAP,AC-0022,,Wolf Point Plaza,Sonali Agarwhal
a001g00000CThCdAAL,a011g00000DumWXAAZ,a091g00000VKTY1AAP,AC-0023,,Bremington Commons,Bobby Bonilla
